source_id,title,publisher,published_date,url,archive_type,local_filename,sha256,accessed_at,evidence_use,limitations
"A-STRIPE-WORKER-ARTICLE","Why global workers are driving demand for stablecoin payouts","Stripe","2026-08-19","https://stripe.com/blog/why-global-workers-are-driving-demand-for-stablecoin-payouts","link-only","","","2026-08-31","Worker survey willingness, emerging-market current-use, LATAM motivation, and SSA payout context","Controller-verified package; not fetched in this run; willingness and subgroup current-use do not prove same-user overlap or retention."
"A-STRIPE-WORKER-PDF","Workers across the platform economy are fueling demand for stablecoins","Stripe","2026","https://stripe.com/blog/why-global-workers-are-driving-demand-for-stablecoin-payouts","existing-local-file","Workers_across_the_platform_economy_are_fueling_demand.pdf","be2da71849a57ebd8a18a931993846cd1b63da27176a05c48b5829fa23e8b67f","2026-08-31","Pre-existing local companion for worker evidence","Not re-downloaded in this run; use the link and controller package as the source boundary; no same-user longitudinal measurement."
"B-STRIPE-REMOTE-CASE","Remote customer case: stablecoin payouts","Stripe","2026","https://stripe.com/customers/remote","link-only","","","2026-08-31","Provider case for payout availability, speed, FX savings, and hold/spend motive","Controller-verified package; not fetched in this run; no clean user denominator or retained-balance measurement."
"B-REMOTE-ANNOUNCEMENT","Remote teams with Stripe to introduce compliant stablecoin payouts","Remote","2026","https://remote.com/news/product/remote-teams-with-stripe-to-introduce-easy-compliant-stablecoin-payouts-for","link-only","","","2026-08-31","Contractor motive and named-market context","Controller-verified package; not fetched in this run; provider case is directional same-job evidence, not longitudinal proof."
"C-DEEL-HIRING","Global Hiring Report 2026","Deel","2026","https://www.deel.com/global-hiring-report-2026/","link-only","","","2026-08-31","Contractor dataset scale, Argentina USD preference, and reported stablecoin-adoption ranking","Controller-verified package; not fetched in this run; USD preference is not stablecoin preference and ranking is not a same-user cohort."
"D-DEEL-WALLET","Introducing stablecoin wallet","Deel","2026-08-17","https://www.deel.com/blog/introducing-stablecoin-wallet/","link-only","","","2026-08-31","Competitive and same-job validation for contractor receive/hold/spend","Controller-verified package; not fetched in this run; availability and proposition do not prove adoption, market size, or retention."
"E-BVNK-YOUGOV-UTILITY","Stablecoin utility survey","BVNK / YouGov","2026","https://www.bvnk.com/utility","link-only","","","2026-08-31","Crypto-engaged cohort sample and reported stablecoin-pay signal","Controller-verified package; not fetched in this run; not general population and not a clean salary denominator."
"F-BVNK-DEEL-PAY","Stablecoin wallets / stablecoin pay","BVNK / Deel","2026","https://www.bvnk.com/stablecoin-wallets","link-only","","","2026-08-31","Provider-linked Known Floor for contractors opting into stablecoin pay","Controller-verified package; not fetched in this run; provider-linked floor is not independent market size or retention."
"G-IMF-PCPIPCH","DataMapper PCPIPCH API response","International Monetary Fund","2026 API snapshot","https://www.imf.org/external/datamapper/api/v1/PCPIPCH","official-direct-file","imf-datamapper-pcpipch.json","7941a765c2beacd72df496d78b2cf296c38c20dbfa0a3030f8c442aac984fd2d","2026-08-31","Annual consumer-price inflation values for six country signals","Raw official API response; structural macro evidence only; not stablecoin behavior or user adoption."
"H-CHAINALYSIS-LATAM-2025","Latin America crypto adoption 2025","Chainalysis","2025","https://www.chainalysis.com/blog/latin-america-crypto-adoption-2025/","link-only","","","2026-08-31","LATAM crypto volume, Argentina received value, and stablecoin purchase-share context","Controller-verified package; not fetched in this run; order-book activity is not comprehensive and is not a people or retention measure."
"H-CHAINALYSIS-LATAM-2024","Latin America crypto adoption 2024","Chainalysis","2024","https://www.chainalysis.com/blog/latin-america-crypto-adoption-2024/","link-only","","","2026-08-31","Argentina, Brazil, and global stablecoin transaction-share comparison","Controller-verified package; not fetched in this run; transaction share is not user adoption or retained balance."
"I-WB-FINDEX-DATA","Global Findex Database 2025 public dataset","World Bank","2025","https://thedocs.worldbank.org/en/doc/be6615202d1f08a25855c8ac2d615122-0050012025/related/GlobalFindexDatabase2025.csv","official-direct-file","GlobalFindexDatabase2025.csv","dce89f60a9aceaf60a7be62b56b6a52e4d47405ee48fe2e2227da60f2a9d51cd","2026-08-31","2024 all-adult country context for adult population, account, mobile account, saving, and digital payments","Downloaded from the official World Bank download-data link; context variables only, not stablecoin behavior, worker adoption, or retention."
"I-WB-FINDEX-GLOSSARY","Global Findex 2025 glossary","World Bank","2025","https://thedocs.worldbank.org/en/doc/be6615202d1f08a25855c8ac2d615122-0050012025/related/GlobalFindex2025-glossary.xlsx","official-direct-file","GlobalFindex2025-glossary.xlsx","8eb99754e6e18d6831c133cc743d8207cc657baedc3447588a574fd3d935f923","2026-08-31","Verified labels for account.t.d, mobileaccount.t.d, save.any.t.d, g20.received, g20.made, and g20.any","Official glossary archive; definitions are financial-inclusion and digital-payment context, not stablecoin metrics."
"I-WB-FINDEX-REPORT","The Global Findex Database 2025: Connectivity and Financial Inclusion in the Digital Economy","World Bank","2025","https://www.worldbank.org/en/publication/globalfindex/report","existing-local-file","Global_Findex_2025.pdf","f9c5bf8a1091dea7f94f140951abaf63a4259fe93dc77b9f9151de59db94322e","2026-08-31","Pre-existing official report archive for Findex context","Not re-downloaded in this run; exact country rows are taken from the archived public CSV and glossary mapping."
"I-BIS-WP1370","Dollarisation and monetary control: what lessons for the rise of stablecoins?","Bank for International Settlements","2026","https://www.bis.org/publ/work1370.htm","existing-local-file","bis-working-paper-1370.pdf","a74976662aa9386745789661d32a681df3b4037ceec7a44191bde71c21eaa13b","2026-08-31","Pre-existing Stage14 structural dollarization context","Not re-downloaded in this run; not used as a same-user, country-adoption, or retention measure."
"J-WB-RPW","Remittance Prices Worldwide","World Bank","2025-Q3","https://remittanceprices.worldbank.org/","existing-local-file","worldbank-rpw-q325.pdf","a41fd59a81dbdf1a60873c60506ae473135e8d97d07d788952ff133d828a9662","2026-08-31","367-corridor coverage and 6.36% global average cost","Pre-existing local report archive; category cost benchmark only, not stablecoin adoption or retention."
"J-WB-MDB40","Migration and Development Brief 40","World Bank / KNOMAD","2024-06","https://www.knomad.org/publication/migration-and-development-brief-40","existing-local-file","worldbank-migration-development-brief-40.pdf","57ec3dfba3601b3a4a80441c09993a4bc897d4306fc081f8b83b851c788c26ec","2026-08-31","Pre-existing remittance category-size context","Pre-existing local report archive; category size is not stablecoin addressable volume, user count, or retention."
"J-TELEMATICS-REMITTANCE","Stablecoin remittance adoption and continuance study","Telematics & Informatics / ScienceDirect","2025","https://www.sciencedirect.com/science/article/pii/S0736585324001345","link-only","","","2026-08-31","Bounded 866-person U.S. remittance-engaged sample and 26% adoption signal","Controller-verified package; not fetched in this run; sender-side bounded sample cannot be globalized or treated as recipient retention."
"J-STRIPE-REMITTANCE","Stablecoin remittances explained","Stripe","2026","https://stripe.com/en-sg/resources/more/stablecoin-remittances-explained","link-only","","","2026-08-31","Rail visibility and recipient cash-out, hold, or spend outcome boundary","Controller-verified package; not fetched in this run; explanatory source, not adoption statistics."
"K-WISE-FY26","Wise FY26 results","Wise","FY26","https://owners.wise.com/news-releases/news-release-details/wise-fy26-results","link-only","","","2026-08-31","Fiat alternative scale, holdings, card spend, and speed benchmark","Controller-verified package; not fetched in this run; not stablecoin target count or retention proof."
"K-KAST-SERIES-A","KAST announces $80M Series A","KAST","2026","https://www.kast.xyz/blog/kast-announces-80m-series-a","link-only","","","2026-08-31","KAST provider-reported users and annualized transaction volume","Controller-verified package; not fetched in this run; provider-reported scale is not independent market size or retention."
"K-KAST-FREELANCERS","KAST freelancers","KAST","2026","https://www.kast.xyz/freelancers","link-only","","","2026-08-31","Freelancer receive/hold/spend proposition and route","Controller-verified package; not fetched in this run; proposition is not usage or same-user evidence."
"K-REDOTPAY","Building trust: protecting users at RedotPay","RedotPay","2026","https://www.redotpay.com/hi/news/building-trust-how-were-protecting-users-at-redotpay","link-only","","","2026-08-31","Generic crypto/stablecoin spend alternative scale","Controller-verified package; not fetched in this run; keep link-only and do not assert a downloaded archive."
"F-VISA-STABLECOIN-CARDS","Stablecoin-linked card payment evidence","Visa","2025-2026","https://www.visa.com/en-us/thought-leadership/innovation/stablecoin-linked-cards-monetize-money-movement","link-only","","","2026-08-31","Existing Stage14 payment-vs-retention boundary","Reused as a link-only existing source; payment volume is not a people count, balance retention, or same-user overlap."
"L-KCFED-STABLECOIN-FUNCTIONS","What are stablecoins used for today?","Federal Reserve Bank of Kansas City","2026","https://www.kansascityfed.org/research/payments-system-research-briefings/what-are-stablecoins-used-for-today-estimating-the-distribution-of-stablecoins/","link-only","","","2026-08-31","Existing Stage14 function separation for payment-vs-retention boundary","Reused as a link-only existing source; modeled function shares are not people counts or retention."
"X-BANXICO-REMITTANCE-PDF","Banxico remittance source archive","Banco de México","2025","https://www.banxico.org.mx/SieInternet/consultarDirectorioInternetAction.do?sector=1&accion=consultarDirectorioCuadros&locale=es","existing-local-file","banxico-remittances-2025.pdf","b03760434882f89a40c0b1e97ec5e87b7b51339146dc16a0a2e4c3adf1465cf9","2026-08-31","Pre-existing Stage14 remittance source archive","Not used for a new claim in this bounded materialization; provenance was not re-downloaded."
"X-CIRCLE-IFS-2026","Internet Financial System Report 2026","Circle","2026","","existing-local-file","circle-internet-financial-system-2026.pdf","6f0c405ce6feb149678ee7f1faac596e2a37476f0213d75671d0fba89c249930","2026-08-31","Pre-existing Stage14 source archive","Origin URL was not supplied in the bounded package; no new fetch; not used for a new claim in this materialization."
